{
  "ordering0": 1,
  "ordering1": 0,
  "wgm": 1,
  "wgn": 7,
  "dtype": "torch.float16",
  "tflops": 101.33632040337622,
  "tflops_ref": 113.98187345183264,
  "ms": 0.021191648161802135,
  "ms_ref": 0.01884057160112832,
  "number_of_errors": 0
}